State_Abrvtn,Pltfrm,Aplctn_Sbmtd,Indvdl_Aplctn_Sbmtd,QHP_Elgbl,FA_Elgbl,MC_Elgbl,Cnsmr,New_Cnsmr,Tot_Renrl,Actv_Renrl,Auto_Renrl,Actv_Renrl_Sw,Actv_Renrl_Nsw,Wk_1,Wk_2,Wk_3,Wk_4,Wk_5,Wk_6,Wk_7,Wk_8,Wk_9,Wk_10,Wk_11,Wk_12,Avg_Prm,Avg_Prm_Aftr_APTC,Cnsmr_Prm_Aftr_APTC_LTEQ10,Cnsmr_Wth_APTC_CSR,CSR_Cnsmr,CSR_Cnsmr_73,CSR_Cnsmr_87,CSR_Cnsmr_94,CSR_Cnsmr_AIAN,APTC_Cnsmr,APTC_Cnsmr_Avg_APTC,APTC_Cnsmr_Avg_Prm_Aftr_APTC,Age_0_17,Age_18_25,Age_26_34,Age_35_44,Age_45_54,Age_55_64,Age_GE65,Male,Female,Hspnc_Yes,AIAN_NonHspnc,ASN_NonHspnc,NHPI_NonHspnc,BLACK_NonHspnc,WHT_NonHspnc,Othr_Race_NonHspnc,Mlt_Race_NonHspnc,Unk_Race_NonHspnc,AIAN,ASN,NHPI,BLACK,WHT,Othr_Race,Mlt_Race,Unk_Race,Hspnc_No,Unk_Ethncty,Rrl,Non_Rrl,Ctstrphc,Brnz,Slvr,Gld,Pltnm,FPL_LT100,FPL_100_138,FPL_100_150,FPL_150_200,FPL_200_250,FPL_250_300,FPL_300_400,FPL_400_500,FPL_GT500,FPL_OTHR,Dntl_Cnsmr,Dntl_Age_0_17,Dntl_Age_18_25,Dntl_Age_26_34,Dntl_Age_35_44,Dntl_Age_45_54,Dntl_Age_55_64,Dntl_Age_GE65,BHP_Enrlmnt,BHP_New_Enrl,BHP_Renrl,BHP_Age_0_17,BHP_Age_18_25,BHP_Age_26_34,BHP_Age_35_44,BHP_Age_45_54,BHP_Age_55,BHP_Male,BHP_Female
AK,HC.gov,"24,124","37,883","31,637","27,100","6,617","27,464","6,083","21,381","15,495","5,886","5,152","10,343","1,552","3,621","5,709","7,292","9,572","12,407","26,503","26,573","26,475","26,574","26,944","27,464",$967 ,$230 ,"7,044","23,610","4,784",143,"1,847","1,546","1,248","23,436",$865 ,$122 ,"4,335","1,879","4,455","5,194","4,688","6,591",322,"13,177","14,287","1,410","1,178","1,547",120,327,"16,704",197,"1,062","4,919","1,198","1,559",127,356,"17,283",424,"1,185","5,332","22,271","3,783","13,661","13,803",+,"11,197","3,721","12,546",+,276,"1,103","2,317","4,323","4,808","3,661","4,930","1,978","3,214","1,957","5,398",305,329,"1,289","1,272","1,015","1,123",65,+,+,+,+,+,+,+,+,+,+,+
AL,HC.gov,"359,582","445,785","428,447","393,774","17,287","386,195","110,272","275,923","170,472","105,451","76,200","94,272","23,046","51,771","79,425","100,677","131,019","162,736","354,650","361,143","366,209","371,176","379,269","386,195",$706 ,$75 ,"207,187","371,423","261,255","15,763","44,501","200,347",644,"371,010",$656 ,$55 ,"12,649","40,629","70,831","85,293","87,192","87,222","2,379","176,113","210,082","8,716","1,038","11,149",88,"46,397","124,981","1,688","3,659","188,479","1,155","11,180",104,"46,608","128,903","2,934","3,947","191,364","237,785","139,694","122,977","263,218","2,021","90,440","283,062","10,672",+,"5,879","192,991","228,883","63,542","35,197","17,075","19,036","6,704","7,083","2,796","65,920",923,"7,514","14,162","14,115","13,578","15,089",539,+,+,+,+,+,+,+,+,+,+,+
AR,HC.gov,"139,328","198,000","174,882","159,130","25,020","156,607","53,127","103,480","56,525","46,955","31,828","24,697","6,672","17,327","27,652","34,372","45,558","58,682","141,860","145,017","147,125","149,438","153,461","156,607",$555 ,$116 ,"53,553","144,896","98,927","11,805","30,994","54,743","1,385","144,575",$476 ,$82 ,"19,082","15,597","24,226","29,153","30,006","37,558",985,"70,656","85,951","5,313",866,"3,225",85,"7,294","59,351",421,"1,732","78,320",911,"3,242",94,"7,344","61,425","1,323","1,871","80,397","104,575","46,719","62,514","94,093",+,"37,722","112,935","5,950",+,814,"15,913","56,640","37,708","22,008","11,883","11,736","4,575","5,909","5,334","11,653","2,517",861,"1,834","2,111","1,834","2,352",144,+,+,+,+,+,+,+,+,+,+,+
AZ,HC.gov,"293,841","418,915","390,259","352,886","31,881","348,055","102,716","245,339","148,318","97,021","77,919","70,399","16,124","42,200","67,823","85,175","112,113","142,653","320,326","325,503","329,223","332,686","340,167","348,055",$523 ,$121 ,"148,992","310,132","168,812","23,585","49,267","94,381","1,579","309,366",$452 ,$75 ,"46,518","31,819","49,065","58,048","64,879","93,862","3,864","168,462","179,593","41,632","1,138","14,148",253,"5,406","97,115","1,767","4,211","182,385","1,529","14,355",315,"5,844","116,252","6,739","5,458","197,563","174,992","131,431","35,495","312,560",258,"128,534","201,802","17,461",+,"2,246","28,576","114,197","74,262","51,724","28,187","29,585","12,783","17,417","17,654","34,673","4,836","2,621","5,884","5,958","5,864","9,058",452,+,+,+,+,+,+,+,+,+,+,+
CA,SBM,"3,984,153","8,630,988","3,124,752","2,201,898",NR,"1,784,653","306,382","1,478,271","455,635","1,022,636",NR,NR,"246,964","315,525","366,868","384,656","416,054","454,324","1,716,077","1,733,137","1,749,064","1,731,602","1,736,391","1,745,275",$655 ,$195 ,"425,260","1,555,528","765,245",NR,NR,NR,NR,"1,554,271",$526 ,$143 ,"137,235","160,498","318,958","296,698","335,584","513,628","22,052","867,771","916,881","407,849","4,134","349,360","1,455","39,635","485,892","107,577","41,664","347,087","6,220","351,794","1,682","41,102","567,076","171,102","51,581",NR,NR,NR,NR,NR,"15,969","460,034","1,079,327","159,969","69,354","10,307","87,175","278,204","438,827","285,784","227,125","231,051","97,931","123,811","91,613","350,468","18,535","29,602","85,159","66,888","61,538","84,567","4,179",+,+,+,+,+,+,+,+,+,+,+
CO,SBM,"278,051","340,731","269,343","208,267",NR,"237,106","48,135","188,971","110,114","78,857",NR,NR,"11,474","29,608","45,546","55,796","77,020","93,867","210,643","214,862","218,728","222,235","229,384","237,106",$556 ,$204 ,"67,874","183,473","63,466",NR,NR,NR,NR,"183,198",$455 ,$133 ,"28,100","18,756","36,877","39,843","38,787","62,695","12,048","113,267","123,807","14,317",596,"11,382",159,"2,047","103,214",+,"3,675","101,716",803,"11,464",188,"2,190","110,087",+,"4,385",NR,NR,NR,NR,NR,"1,937","96,052","73,920","65,197",+,"2,962","4,032","14,786","36,414","31,516","29,074","36,073","18,387","27,540","40,354","75,112","7,882","4,966","16,736","15,660","11,522","14,960","3,386",+,+,+,+,+,+,+,+,+,+,+
CT,SBM,"402,735","698,385","157,464","131,412","273,810","129,000","28,593","100,407","31,375","69,032",NR,NR,"5,017","12,946","20,565","26,221","30,736","35,351","120,785","121,841","122,931","124,647","126,972","129,000",$897 ,$233 ,"27,495","111,811","56,116",NR,NR,NR,NR,"111,789",$766 ,$153 ,"8,950","14,023","17,859","18,105","23,392","44,185","2,486","58,205","70,795","17,885",77,"6,126",39,"6,458","62,437","1,894","2,011","32,073",109,"6,184",64,"6,909","65,721","2,824","2,272",NR,NR,NR,NR,NR,"1,576","35,648","69,287","22,489",+,"3,060","8,795","12,991","21,792","17,479","13,063","19,019","9,992","16,508","15,096","14,055",877,"1,312","3,073","2,211","2,410","3,834",338,+,+,+,+,+,+,+,+,+,+,+
DC,SBM,"16,172","20,770","16,856","3,430","3,914","14,799","2,705","12,094","1,460","10,634",NR,NR,262,640,835,"1,117","1,433","1,572","14,150","14,214","14,248","14,224","14,301","14,513",$894 ,$775 ,90,"3,136",385,NR,NR,NR,NR,"3,129",$561 ,$447 ,"1,536",882,"3,765","3,428","2,459","2,504",225,"6,999","7,800",163,25,605,4,"1,476","4,570",540,112,"7,304",NR,NR,NR,NR,NR,NR,NR,NR,NR,NR,NR,NR,420,"4,565","3,207","4,168","2,439",422,89,120,161,700,590,789,673,639,"10,705","4,262",323,186,"1,044","1,125",747,591,246,+,+,+,+,+,+,+,+,+,+,+
DE,HC.gov,"37,052","54,436","49,904","44,917","5,131","44,842","10,718","34,124","20,364","13,760","7,972","12,392","2,039","4,841","7,806","9,667","13,137","17,133","41,716","42,154","42,455","42,933","43,872","44,842",$723 ,$196 ,"7,971","40,458","12,390",681,"5,762","5,846",101,"40,409",$585 ,$147 ,"5,839","3,702","6,424","7,349","7,686","13,161",681,"20,624","24,218","2,845",141,"2,961",13,"4,128","18,549",317,728,"15,160",156,"2,966",19,"4,313","19,728",782,830,"16,048","30,988","11,009","11,279","33,563",146,"11,587","13,061","19,508",540,372,"2,909","8,374","9,167","7,182","5,199","6,000","2,803","4,098","1,647","4,319",407,324,661,820,756,"1,255",96,+,+,+,+,+,+,+,+,+,+,+
FL,HC.gov,"3,218,279","4,534,002","4,464,334","4,301,360","68,270","4,211,902","1,009,429","3,202,473","2,390,303","812,170","1,301,895","1,088,408","261,948","711,653","1,148,789","1,452,725","1,833,689","2,271,047","3,986,564","4,034,546","4,078,996","4,095,508","4,152,871","4,211,902",$617 ,$65 ,"2,077,409","4,098,736","2,630,196","55,812","378,015","2,194,705","1,664","4,096,559",$568 ,$49 ,"459,551","475,922","688,847","816,224","806,412","865,894","99,052","2,035,315","2,176,587","668,173","2,099","69,277",897,"200,527","546,346","16,939","18,333","2,689,311","2,888","70,275","1,389","207,196","842,718","52,404","23,925","3,011,107","1,274,868","2,268,861","128,926","4,082,976","2,742","1,292,350","2,674,179","226,291","16,340","69,772","2,256,043","2,718,501","603,978","323,140","168,069","154,275","57,884","75,610","40,673","249,497","26,347","24,032","40,611","46,303","48,945","59,799","3,460",+,+,+,+,+,+,+,+,+,+,+
GA,HC.gov,"1,121,582","1,488,208","1,408,671","1,334,674","86,125","1,305,114","350,675","954,439","675,563","278,876","407,251","268,312","82,202","225,478","343,109","429,756","543,881","659,718","1,215,801","1,230,364","1,245,660","1,259,844","1,281,411","1,305,114",$583 ,$75 ,"685,036","1,248,351","843,753","21,624","116,026","705,580",523,"1,247,382",$531 ,$52 ,"111,200","159,292","225,886","262,431","267,522","259,955","18,828","622,621","682,493","88,025",748,"80,572",240,"124,352","195,778","6,030","8,215","801,154",955,"80,774",300,"126,079","235,932","13,174","9,399","838,501","668,829","548,260","247,278","1,057,836","1,963","351,039","870,231","79,691","2,190","16,977","709,984","834,058","195,566","87,098","50,904","47,648","20,017","28,259","24,587","89,198","9,076","9,076","16,804","17,241","17,469","18,530","1,002",+,+,+,+,+,+,+,+,+,+,+
HI,HC.gov,"21,454","30,265","25,406","21,648","5,383","22,170","4,109","18,061","11,238","6,823","3,950","7,288","1,224","2,652","4,080","5,145","6,617","8,507","21,492","21,615","21,564","21,515","21,720","22,170",$696 ,$248 ,"2,457","18,299","5,708",461,"2,243","2,900",104,"18,259",$544 ,$183 ,"1,600","1,172","2,866","4,324","4,704","7,051",453,"10,193","11,977","1,473",65,"7,119",517,172,"7,446",348,"2,471","2,559",91,"7,221",542,183,"7,948",553,"2,828","2,804","18,853","1,844","7,798","14,372",223,"5,691","6,075","6,620","3,561",922,"1,118","3,006","4,495","3,658","2,667","3,128","1,264","1,853","1,177","9,145",724,464,"1,206","1,824","1,932","2,825",170,+,+,+,+,+,+,+,+,+,+,+
IA,HC.gov,"99,014","137,435","124,945","111,925","13,737","111,423","27,542","83,881","50,477","33,404","16,824","33,653","5,005","12,839","21,795","27,415","36,530","46,305","104,699","106,338","107,113","108,116","109,560","111,423",$585 ,$132 ,"39,180","99,765","33,543","1,219","12,887","19,301",136,"99,630",$507 ,$93 ,"8,525","9,056","16,650","19,647","19,613","37,081",851,"53,794","57,629","2,896",137,"2,358",55,"1,447","57,150",254,807,"46,319",172,"2,370",62,"1,489","58,368",674,899,"47,389","79,203","29,324","55,466","55,957",92,"41,603","34,482","35,246",+,552,"5,794","23,908","22,022","16,233","11,558","17,245","7,304","7,851","4,750","15,843","1,252","1,264","2,907","3,027","2,664","4,570",159,+,+,+,+,+,+,+,+,+,+,+
ID,SBM,"100,328","148,173","108,294","101,506","12,224","103,783","18,369","85,414","23,266","62,148",NR,NR,"6,079","8,821","15,298","17,560","22,457","27,794","103,783","103,783","103,783","103,783","103,783","103,783",$462 ,$121 ,"27,753","89,786","33,447",NR,NR,NR,NR,"89,715",$395 ,$77 ,"24,022","10,147","13,843","15,570","14,829","25,008",364,"48,116","55,640","3,082",979,"1,931",154,840,"77,009","4,570",+,"15,218","1,276","2,208",172,911,"77,162","4,570",+,NR,NR,NR,NR,NR,264,"53,715","38,244","11,350",210,"2,469","2,831","8,193","24,051","23,241","14,181","13,819","4,864","4,553","8,412","17,982","5,167","1,576","2,934","3,060","2,311","2,752",182,+,+,+,+,+,+,+,+,+,+,+
IL,HC.gov,"363,682","506,808","457,408","411,564","53,988","398,814","116,437","282,377","186,428","95,949","75,902","110,526","16,576","42,714","70,379","91,921","125,507","167,292","373,565","378,222","382,369","381,057","388,493","398,814",$676 ,$189 ,"96,888","356,725","188,497","21,127","63,324","103,689",357,"355,916",$545 ,$141 ,"30,628","34,422","70,687","69,392","72,594","115,813","5,278","193,740","205,074","30,948",320,"33,951",87,"14,953","168,593","2,288","3,952","143,722",631,"34,112",122,"15,317","181,602","6,471","4,705","155,854","266,139","101,727","55,038","343,776",633,"150,128","218,068","29,117",868,"6,462","36,049","111,131","83,106","52,762","34,316","49,278","20,532","25,004","16,223","77,566","5,683","5,704","15,671","14,397","13,902","21,226",983,+,+,+,+,+,+,+,+,+,+,+
IN,HC.gov,"263,962","357,291","330,968","298,379","28,506","295,772","90,052","205,720","134,626","71,094","69,188","65,438","14,021","37,417","67,868","85,734","109,776","137,217","272,008","276,820","280,282","284,357","289,991","295,772",$532 ,$129 ,"120,431","263,915","141,321","13,906","38,192","89,022",201,"263,430",$452 ,$82 ,"27,943","25,459","46,114","57,508","58,581","77,539","2,628","147,517","148,255","9,177",216,"10,456",44,"7,811","97,659",796,"1,905","167,708",291,"10,476",58,"7,936","101,375","1,892","2,124","171,620","177,001","109,594","71,745","224,027",+,"116,178","171,103","8,491",+,"1,567","32,241","112,127","62,914","30,602","22,941","24,541","11,004","14,717","15,359","18,306","1,889","1,375","3,118","3,586","3,393","4,724",221,+,+,+,+,+,+,+,+,+,+,+
KS,HC.gov,"148,421","201,637","192,563","174,747","9,146","171,376","45,348","126,028","85,913","40,115","47,558","38,355","9,369","25,501","39,878","49,619","63,484","78,520","160,335","162,243","163,946","165,289","168,137","171,376",$634 ,$111 ,"74,965","160,185","90,678","3,209","17,239","68,890","1,340","159,923",$561 ,$77 ,"15,228","17,469","27,528","33,778","32,111","43,611","1,651","82,292","89,084","9,847",762,"5,055",62,"3,702","61,636",718,"2,370","87,224",852,"5,094",78,"3,823","66,390","1,742","2,667","90,730","101,330","60,199","63,776","107,600",117,"59,577","93,773","17,909",+,"2,880","65,642","82,256","28,288","17,841","13,165","12,434","4,909","5,804","3,799","13,433","1,172","1,292","2,519","2,739","2,399","3,177",135,+,+,+,+,+,+,+,+,+,+,+
KY,SBM,"254,359","337,168","86,460","65,705","241,307","75,317","18,760","56,557","10,560","45,997",NR,NR,"1,535","3,378","5,548","7,061","9,707","12,843","68,253","69,648","70,273","71,248","73,040","75,317",$621 ,$206 ,"8,073","63,059","29,132",NR,NR,NR,NR,"62,649",$497 ,$134 ,"6,262","6,112","10,521","12,243","14,046","25,333",800,"33,531","41,784","2,871",60,"2,762",34,"3,218","57,603",+,"1,101","7,668",67,"2,776",41,"3,291","59,529",+,"1,190",NR,NR,NR,NR,NR,516,"30,668","37,430","6,703",+,642,"2,824","8,534","18,573","14,337","9,021","8,500","2,970","2,701","10,039","8,828",977,906,"1,861","1,742","1,374","1,823",145,+,+,+,+,+,+,+,+,+,+,+
LA,HC.gov,"200,527","256,070","238,615","223,124","18,411","212,493","68,975","143,518","80,677","62,841","37,502","43,175","10,930","28,313","44,426","55,281","70,282","86,695","191,827","196,600","199,829","202,018","207,953","212,493",$710 ,$90 ,"121,961","203,883","97,583","6,524","26,235","64,511",313,"203,693",$647 ,$65 ,"16,268","18,382","33,022","44,844","44,344","53,671","1,962","105,374","107,119","4,922",429,"7,324",40,"15,348","50,979",716,"1,503","131,232",464,"7,355",43,"15,456","53,027","1,366","1,685","133,097","107,845","99,726","40,192","172,301",+,"94,148","106,044","12,301",+,"1,208","25,267","93,833","48,480","22,404","15,973","15,042","5,965","6,716","2,872","17,545",769,"1,272","2,980","3,824","3,666","4,855",179,+,+,+,+,+,+,+,+,+,+,+
MA,SBM,"795,194","1,520,478","833,228","483,464","535,119","311,199","65,913","245,286","49,276","196,010",NR,NR,"7,695","17,863","27,848","34,003","40,318","49,582","276,688","285,034","276,818","281,528","290,162","298,899",$507 ,$197 ,"59,285","255,939","249,453",NR,NR,NR,NR,"250,386",$385 ,$118 ,"16,369","32,070","62,285","63,381","58,878","73,184","5,032","140,837","170,362","1,819",188,"31,212",235,"21,835","148,429","7,208","3,789","96,484",190,"31,212",246,"21,905","148,952","7,208","3,808",NR,NR,NR,NR,NR,387,"27,780","271,998","8,512","2,522","21,629","16,461","30,595","59,859","56,648","37,016","36,494","15,111","16,806","37,041","146,305","9,414","13,961","30,283","28,060","24,590","32,022","7,975",+,+,+,+,+,+,+,+,+,+,+
MD,SBM,"485,346","1,032,547","369,675","226,191","552,457","213,895","56,220","157,675","33,919","123,756",NR,NR,"5,226","12,798","20,304","24,873","35,685","45,146","198,453","201,443","206,101","206,085","210,546","213,895",$475 ,$179 ,"27,169","163,929","51,025",NR,NR,NR,NR,"163,796",$388 ,$112 ,"13,417","21,818","40,286","38,032","38,313","51,921","10,108","93,419","120,476","28,701",210,"28,814",250,"40,746","69,628","4,727","6,180","34,639",320,"28,926",281,"41,334","73,598","6,258","6,755",NR,NR,NR,NR,NR,"2,138","50,695","55,420","102,286","3,356","21,843","9,704","21,599","42,744","31,951","19,113","22,255","8,145","8,385","37,860","13,789","1,921","1,455","2,518","2,020","1,474","1,564","2,837",+,+,+,+,+,+,+,+,+,+,+
ME,SBM,"58,130","86,018","74,655","56,740","10,407","62,586","10,245","52,341","19,528","32,813",NR,NR,"3,238","6,849","9,655","11,254","13,192","18,751","61,401","61,261","61,359","61,473","61,746","62,586",$707 ,$229 ,"6,195","52,436","17,226",NR,NR,NR,NR,"52,401",$564 ,$163 ,"7,495","3,873","8,312","9,994","10,819","21,713",380,"28,989","33,597",161,90,613,10,273,"33,713",269,"1,560","25,897",90,613,10,273,"33,713",269,"1,691",NR,NR,NR,NR,NR,501,"28,427","27,456","5,716",486,"1,991","1,749","4,581","10,777","10,493","7,503","11,292","4,539","5,272","6,138","7,953","1,246",463,"1,325","1,591","1,318","1,820",190,+,+,+,+,+,+,+,+,+,+,+
MI,HC.gov,"349,614","498,666","465,621","421,525","37,029","418,100","110,299","307,801","195,516","112,285","72,902","122,614","21,914","54,682","84,806","106,753","139,472","175,792","388,099","394,191","397,838","402,327","409,517","418,100",$518 ,$137 ,"139,422","375,397","175,587","23,220","52,807","98,222","1,338","374,042",$426 ,$98 ,"47,262","35,290","64,337","68,516","73,894","124,886","3,915","209,006","209,094","9,095","1,101","12,196",87,"12,045","161,273","3,232","3,950","215,121","1,195","12,240",98,"12,270","165,321","4,270","4,351","218,355","264,131","144,874","89,261","328,839","1,810","191,315","202,535","22,440",+,"3,486","32,012","122,597","83,921","64,882","41,378","45,739","18,494","21,085","16,518","67,514","9,567","4,809","12,207","12,778","11,003","16,468",682,+,+,+,+,+,+,+,+,+,+,+
MN,SBM,"268,131","403,495","360,123","163,596","39,938","135,001","36,206","98,795","15,663","83,132",NR,NR,"2,911","5,761","9,282","11,780","16,507","22,193","125,384","126,159","127,560","128,311","132,393","135,001",$501 ,$297 ,"2,265","78,567","10,850",NR,NR,NR,NR,"78,382",$351 ,$207 ,"16,630","10,076","18,602","19,557","20,258","49,320",558,"64,987","70,014","2,744",479,"3,836",53,"2,754","82,685",687,"1,903","39,860",514,"3,858",58,"2,813","83,656",819,"2,061",NR,NR,NR,NR,NR,"3,407","63,323","42,578","25,693",+,57,43,55,100,"24,259","19,320","24,853","9,917","9,979","46,461","34,243","3,826","2,632","7,789","6,194","4,932","8,387",483,"103,638",NR,NR,"1,751","13,732","24,639","25,967","18,324","19,225","47,528","56,110"
MO,HC.gov,"325,639","427,255","391,134","365,295","40,672","359,369","93,603","265,766","180,002","85,764","97,313","82,689","21,529","56,106","90,497","111,473","142,010","174,796","335,893","340,534","343,912","348,547","353,446","359,369",$650 ,$92 ,"183,343","338,128","178,475","13,367","47,932","116,009","1,167","337,708",$594 ,$61 ,"27,847","30,836","55,515","72,250","73,464","96,545","2,912","179,046","180,323","6,501",810,"9,151",107,"8,877","111,415","1,215","2,631","218,662",899,"9,179",121,"8,970","114,327","1,953","2,868","221,052","212,097","140,771","119,182","240,187",779,"147,847","196,476","14,267",+,"1,644","47,546","154,459","84,660","40,143","20,702","26,611","10,091","11,988","9,071","22,480","1,906","1,676","4,242","4,497","4,064","5,851",244,+,+,+,+,+,+,+,+,+,+,+
MS,HC.gov,"270,265","321,203","314,114","298,055","6,953","286,410","82,756","203,654","142,275","61,379","86,444","55,831","23,196","69,284","95,487","113,047","134,376","156,789","264,809","269,236","272,799","277,484","282,327","286,410",$616 ,$36 ,"188,355","281,061","202,262","8,580","26,273","167,286",123,"280,895",$592 ,$25 ,"13,671","32,576","47,190","62,691","65,276","63,124","1,882","132,065","154,345","2,982",162,"5,154",73,"32,012","36,864","1,008",842,"207,313",178,"5,176",77,"32,087","38,015","1,445",929,"208,503","162,916","120,512","182,212","104,198",+,"72,106","211,147","3,157",+,"2,147","181,844","210,749","44,647","14,229","6,168","4,626","1,289","1,195","1,360","9,214",896,967,"1,467","1,660","1,811","2,340",73,+,+,+,+,+,+,+,+,+,+,+
MT,HC.gov,"56,703","88,277","76,547","68,092","12,526","66,336","15,653","50,683","32,914","17,769","12,003","20,911","2,718","6,659","10,998","14,093","19,329","25,856","62,798","63,252","63,597","63,742","64,944","66,336",$604 ,$162 ,"19,724","58,539","19,361","2,587","8,710","6,551","1,513","58,149",$504 ,$112 ,"8,732","5,535","10,666","11,856","11,081","18,236",230,"31,901","34,435","1,718","1,224",693,30,134,"42,774",255,"1,333","18,175","1,287",707,38,150,"43,634",435,"1,467","18,618","52,948","11,670","48,827","17,509",304,"39,115","20,377","6,540",+,220,"2,730","8,522","12,718","10,385","9,416","11,437","5,074","5,887","2,677","14,375","2,157","1,095","2,771","2,838","2,261","3,173",80,+,+,+,+,+,+,+,+,+,+,+
NC,HC.gov,"869,230","1,159,173","1,098,264","1,039,586","73,177","1,027,930","218,335","809,595","520,788","288,807","276,034","244,754","58,916","155,480","240,869","302,211","384,601","473,900","987,520","996,250","1,002,597","1,006,669","1,014,728","1,027,930",$609 ,$77 ,"547,448","980,966","511,073","20,531","93,006","396,372","1,164","980,133",$558 ,$55 ,"96,245","97,741","175,081","199,139","212,401","235,754","11,569","499,194","528,736","83,558","2,422","30,026",202,"60,853","278,854","4,419","7,968","559,628","2,624","30,144",242,"61,851","319,453","9,921","9,089","594,606","569,146","375,226","263,246","764,684","2,582","421,708","527,815","75,825",+,"18,655","338,504","507,098","164,873","116,223","69,651","71,960","29,309","35,817","14,344","83,211","5,251","6,677","16,908","16,780","16,692","20,104",799,+,+,+,+,+,+,+,+,+,+,+
ND,HC.gov,"25,594","44,778","41,609","38,308","3,610","38,535","7,014","31,521","21,019","10,502","6,790","14,229","1,541","3,978","6,414","8,376","11,543","15,541","37,098","37,277","37,406","37,576","38,000","38,535",$520 ,$132 ,"11,603","34,598","9,855",511,"5,263","3,237",844,"34,494",$433 ,$99 ,"9,169","3,285","5,687","6,060","4,895","9,243",196,"18,974","19,561","1,030",747,841,14,764,"21,921",125,621,"12,472",781,844,14,789,"22,456",229,679,"12,743","30,218","7,287","23,966","14,569",343,"14,616","9,520","14,056",+,412,"1,344","3,770","8,251","6,911","4,961","6,496","2,793","3,788","1,153","3,438",355,269,796,785,515,691,27,+,+,+,+,+,+,+,+,+,+,+
NE,HC.gov,"85,636","136,810","128,048","120,403","9,705","117,882","26,132","91,750","71,040","20,710","31,941","39,099","5,395","15,312","25,749","33,647","45,704","60,102","111,849","112,983","113,901","114,491","116,088","117,882",$670 ,$120 ,"43,798","111,769","35,856","1,937","11,494","21,855",570,"111,680",$580 ,$93 ,"20,821","10,831","16,686","20,795","19,674","28,357",718,"58,585","59,297","5,500",433,"2,320",31,"1,649","51,850",245,967,"54,887",489,"2,329",49,"1,702","53,985",811,"1,129","57,388","77,055","35,327","57,719","60,163",33,"69,146","36,639","12,064",+,457,"7,679","25,158","20,140","22,164","15,407","17,179","6,628","8,191","2,558","8,515","1,858",641,"1,305","1,693","1,409","1,527",82,+,+,+,+,+,+,+,+,+,+,+
NH,HC.gov,"54,962","78,647","72,730","58,968","6,891","65,117","13,709","51,408","29,901","21,507","10,177","19,724","2,684","6,964","11,468","14,608","19,584","25,474","62,569","62,905","63,114","63,329","63,826","65,117",$453 ,$202 ,"12,025","47,024","20,619","3,649","9,329","7,605",36,"46,775",$350 ,$124 ,"5,994","5,105","10,406","10,972","11,002","21,159",479,"30,861","34,256","2,055",60,"2,085",13,370,"38,533",373,700,"20,928",72,"2,090",18,412,"39,440",711,783,"21,591","50,034","13,028","27,619","37,498",454,"22,137","29,149","13,377",+,468,"2,490","8,484","11,132","8,604","6,540","10,200","5,122","6,244","8,323","10,127","1,301",704,"1,953","1,799","1,666","2,614",90,+,+,+,+,+,+,+,+,+,+,+
NJ,SBM,"359,504","546,078","459,800","405,609","64,525","397,942","100,919","297,023","60,592","236,431",NR,NR,"9,655","19,775","29,197","35,764","46,778","58,673","343,009","351,989","363,025","367,609","370,057","375,884",$661 ,$201 ,"63,311","351,746","206,747",NR,NR,NR,NR,"351,652",$521 ,$156 ,"31,830","35,934","70,505","65,597","74,642","108,770","10,664","186,249","211,693","44,752",430,"52,420",532,"23,845","170,119","6,166","6,007","93,671",611,"52,613",768,"25,741","188,318","13,257","7,335",NR,NR,NR,NR,NR,988,"67,074","324,273","5,607",+,"17,601","37,105","69,867","84,524","58,023","41,009","55,586","22,765","23,393","25,174","124,298","11,481","11,559","27,411","22,451","21,707","26,380","3,309",+,+,+,+,+,+,+,+,+,+,+
NM,SBM,"49,859","68,251","67,918","52,400",NR,"56,472","11,348","45,124","20,654","24,470",NR,NR,"1,881","4,717","7,673","10,219","13,889","17,043","50,513","51,244","52,039","52,604","53,781","56,472",$604 ,$151 ,"17,864","46,490","12,887",NR,NR,NR,NR,"46,456",$551 ,$80 ,"5,171","4,309","7,097","8,332","10,408","20,059","1,096","25,343","31,129","9,771",994,"2,197",14,543,"24,382",476,817,"17,278","1,120","2,221",15,607,"30,712",839,984,NR,NR,NR,NR,NR,+,"2,418","13,514","40,540",+,933,"3,940","6,747","10,923","9,466","7,040","7,720","3,216","3,518","6,909","15,026","1,750","1,144","2,537","2,587","2,566","4,206",236,+,+,+,+,+,+,+,+,+,+,+
NV,SBM,"77,649","120,577","112,591","96,753","6,028","99,312","25,553","73,759","22,965","50,794",NR,NR,"3,743","8,317","12,110","14,570","19,188","23,968","90,836","92,098","93,283","94,579","96,706","99,312",$530 ,$154 ,"13,862","85,410","48,129",NR,NR,NR,NR,"85,178",$438 ,$103 ,"15,374","7,535","13,128","16,125","17,366","27,492","2,279","46,404","52,908","9,029",520,"15,980",230,"3,060","34,286","1,654","3,404","31,149",520,"15,980",230,"3,060","34,286","2,302","9,206",NR,NR,NR,NR,NR,272,"36,499","58,066","4,475",+,"2,447","10,739","22,471","22,252","17,491","9,336","8,902","3,451","3,221","9,741","20,984","3,837","1,524","3,582","4,029","3,342","4,335",331,+,+,+,+,+,+,+,+,+,+,+
NY,SBM,"1,764,374","3,045,934","582,902","336,029",NR,"288,681","38,222","250,459","88,241","162,218",NR,NR,0,0,"14,452","27,421","43,296","61,475","270,596","274,398","277,293","279,728","279,879","282,764",$714 ,$410 ,"16,386","205,574","64,097",NR,NR,NR,NR,"205,574",$455 ,$247 ,"9,541","24,411","54,974","52,328","56,193","87,370","3,864","138,026","150,655","31,994",382,"29,131",195,"17,730","170,239","6,329","6,063","26,618",491,"29,283",287,"19,178","179,688","17,087","7,286",NR,NR,NR,NR,NR,"2,994","135,986","105,329","28,060","16,312",269,491,702,"1,011","62,043","47,398","53,159","20,888","20,104","83,107","26,096","1,079","2,061","5,801","5,584","4,922","6,476",173,"1,198,396","8,571","1,189,825",0,"179,382","293,232","286,621","243,000","196,161","582,979","615,417"
OH,HC.gov,"434,965","571,365","534,397","477,830","40,731","477,793","141,893","335,900","219,367","116,533","108,794","110,573","22,622","65,656","109,546","137,003","176,292","219,601","439,155","447,498","452,844","459,517","468,396","477,793",$581 ,$136 ,"206,432","427,501","183,635","19,449","50,241","113,735",210,"426,977",$498 ,$81 ,"44,881","39,605","73,190","85,876","90,703","139,058","4,480","241,633","236,160","9,955",298,"12,117",59,"16,787","161,220","1,859","3,802","271,696",373,"12,152",72,"17,070","165,662","3,094","4,221","275,149","291,339","176,499","99,079","378,714","2,342","241,564","211,342","22,545",+,"2,771","49,266","166,814","100,062","64,466","36,840","40,623","17,021","20,756","28,440","38,532","4,399","2,577","7,398","7,122","6,597","9,950",489,+,+,+,+,+,+,+,+,+,+,+
OK,HC.gov,"235,842","322,705","303,997","290,452","21,307","277,436","68,787","208,649","133,624","75,025","74,304","59,320","13,530","37,367","65,740","82,720","102,863","125,572","260,692","264,374","267,008","269,092","273,288","277,436",$632 ,$79 ,"155,820","268,796","138,774","4,107","26,136","75,040","33,491","266,919",$575 ,$57 ,"31,570","25,757","42,520","58,495","55,590","61,051","2,453","135,211","142,225","12,142","24,836","7,165",92,"4,957","64,752",689,"7,281","155,522","25,185","7,205",102,"5,082","70,313","2,003","7,795","159,751","158,923","106,371","120,899","156,537",318,"128,536","109,543","39,039",+,"1,713","42,707","120,013","65,977","39,446","20,597","15,038","5,261","5,856","3,535","31,527","6,478","2,540","4,684","5,854","5,046","6,681",244,+,+,+,+,+,+,+,+,+,+,+
OR,HC.gov,"127,103","183,319","165,241","141,604","20,391","145,509","29,960","115,549","83,751","31,798","24,801","58,950","7,545","17,879","28,939","35,818","48,152","63,847","140,075","140,755","140,539","140,771","142,724","145,509",$655 ,$231 ,"21,955","118,167","39,327","9,783","18,432","9,991","1,121","117,714",$524 ,$164 ,"11,781","9,204","20,439","25,987","28,611","48,137","1,350","66,044","79,465","8,918",755,"9,353",208,"1,422","86,343","1,076","3,970","33,464",862,"9,434",233,"1,492","89,991","2,252","4,575","36,670","116,964","19,627","32,486","113,023",+,"65,644","55,874","23,991",+,697,"3,030","11,190","23,021","22,024","17,222","28,281","13,896","18,756","10,422","36,626","2,373","2,263","7,191","8,369","7,088","9,024",318,+,+,+,+,+,+,+,+,+,+,+
PA,SBM,"406,494","573,014","532,451","462,276","38,827","434,571","89,745","344,826","77,309","267,517",NR,NR,"8,480","21,610","36,082","45,780","61,394","79,325","405,391","407,027","409,079","413,277","419,832","434,571",$641 ,$180 ,"84,480","378,447","128,273",NR,NR,NR,NR,"378,342",$530 ,$133 ,"29,509","33,454","70,070","71,757","76,969","147,870","4,942","202,242","232,329","19,141",508,"32,186",211,"16,559","266,340","5,666","5,343","88,617",582,"32,298",326,"17,253","273,034","9,614","5,957",NR,NR,NR,NR,NR,"1,258","100,226","148,314","184,773",+,"10,512","43,893","81,714","93,171","67,886","44,920","53,541","22,412","23,867","36,548","101,947","7,125","8,418","21,981","19,602","16,859","26,353","1,609",+,+,+,+,+,+,+,+,+,+,+
RI,SBM,"107,720","150,708","72,538","46,970","15,966","36,121","10,164","25,957","2,928","23,029",NR,NR,391,961,"1,519","2,122","2,961","3,772","31,483","32,532","33,154","30,521","32,659","33,907",$545 ,$152 ,"10,936","31,210","13,452",NR,NR,NR,NR,"31,196",$454 ,$106 ,"1,679","3,215","6,456","6,447","6,852","10,533",939,"16,254","19,863","4,673",76,"1,021",26,"1,309","15,299","1,180",34,"12,503",94,"1,110",99,"1,520","16,888","3,809",52,NR,NR,NR,NR,NR,+,"7,886","14,350","13,021",864,70,"3,969","6,117","8,500","5,859","4,032","4,223","1,665","1,752","3,903","20,044",805,"1,661","3,958","3,579","3,669","5,434",938,+,+,+,+,+,+,+,+,+,+,+
SC,HC.gov,"488,771","630,704","616,748","581,793","13,843","571,175","137,448","433,727","307,184","126,543","161,930","145,254","37,052","102,689","156,027","191,086","240,521","292,333","536,018","542,731","548,573","554,858","562,740","571,175",$599 ,$69 ,"337,379","547,462","243,616","6,364","30,706","206,155",391,"547,213",$553 ,$50 ,"47,387","60,875","96,720","111,570","115,990","133,697","4,936","278,177","292,998","30,522",565,"10,227",113,"31,985","127,455","2,410","3,128","364,770",634,"10,282",140,"32,333","143,165","4,522","3,495","376,604","296,746","243,907","123,164","448,011","2,296","293,049","250,303","25,527",+,"9,682","253,158","301,553","85,420","63,889","34,613","36,669","14,930","17,089","7,330","42,803","5,348","3,850","8,057","7,787","7,498","10,040",223,+,+,+,+,+,+,+,+,+,+,+
SD,HC.gov,"38,426","63,440","57,671","54,438","7,382","52,974","9,537","43,437","30,112","13,325","12,617","17,495","2,210","5,608","9,334","11,992","16,719","22,437","51,791","52,049","52,019","52,096","52,359","52,974",$695 ,$114 ,"19,159","50,575","20,081","3,019","7,623","7,754","1,685","50,436",$611 ,$92 ,"10,635","4,794","8,079","8,858","7,342","13,050",216,"25,760","27,214","1,573","1,446",768,7,433,"33,830",144,"1,025","13,748","1,502",774,12,439,"34,497",328,"1,113","14,309","43,503","7,898","33,974","19,000",276,"25,929","20,464","6,305",+,215,"4,508","8,821","9,608","10,781","7,344","8,232","3,602","3,730",641,"4,241",241,357,952,"1,025",692,941,33,+,+,+,+,+,+,+,+,+,+,+
TN,HC.gov,"503,071","639,948","618,664","569,965","21,170","555,103","154,054","401,049","273,806","127,243","161,365","112,441","35,837","103,945","149,583","183,821","228,165","274,381","513,742","521,347","527,427","535,370","545,599","555,103",$622 ,$73 ,"329,828","526,171","293,599","13,617","49,287","230,148",547,"525,633",$580 ,$45 ,"38,502","52,156","98,062","113,563","118,228","129,103","5,489","277,956","277,147","31,327",521,"12,315",73,"22,342","149,412","2,035","3,662","333,416",584,"12,377",97,"22,552","165,346","4,103","4,114","345,930","304,882","218,894","158,934","396,169",402,"223,916","316,386","14,399",+,"11,639","261,406","310,781","87,056","52,690","30,134","27,910","10,685","13,694","10,514","44,504","2,762","3,636","9,598","8,888","8,583","10,703",334,+,+,+,+,+,+,+,+,+,+,+
TX,HC.gov,"2,714,400","3,898,349","3,802,971","3,594,131","94,301","3,484,632","957,080","2,527,552","1,821,679","705,873","1,209,740","611,939","193,372","544,703","890,734","1,126,419","1,424,675","1,767,401","3,244,428","3,291,543","3,341,711","3,368,057","3,424,637","3,484,632",$566 ,$50 ,"2,158,968","3,359,306","1,697,497","23,928","181,570","1,485,222","6,777","3,357,161",$536 ,$33 ,"428,818","415,323","565,343","654,226","663,716","679,353","77,853","1,654,391","1,830,241","620,578","4,621","162,401",782,"143,046","390,260","10,777","18,481","2,133,686","7,335","163,581","1,004","146,850","694,165","47,431","24,659","2,399,607","1,247,267","1,616,787","473,635","3,010,997","2,182","570,001","1,722,670","1,189,779",+,"79,915","1,852,128","2,133,460","487,028","329,839","158,724","137,789","52,122","64,567","41,188","307,869","51,142","30,670","52,267","55,876","52,714","60,419","4,781",+,+,+,+,+,+,+,+,+,+,+
UT,HC.gov,"207,903","411,389","390,125","372,708","23,791","366,939","77,681","289,258","229,494","59,764","100,135","129,359","22,089","61,383","97,947","122,091","157,585","196,781","349,777","352,471","354,792","357,301","361,853","366,939",$468 ,$67 ,"183,736","350,446","197,064","13,343","50,265","131,311","2,145","349,705",$421 ,$48 ,"104,234","46,738","63,408","58,110","45,562","45,635","3,252","179,174","187,765","27,045","1,274","6,489",684,"1,084","101,252",766,"3,072","225,273","1,432","6,538",728,"1,177","110,289","4,112","3,752","238,911","172,424","167,470","53,331","313,608",+,"154,242","203,338","8,440",919,"7,789","51,421","133,065","63,739","54,772","35,969","35,573","14,056","15,485","6,491","40,317","11,054","3,757","8,255","7,205","5,119","4,710",217,+,+,+,+,+,+,+,+,+,+,+
VA,SBM,"305,574","471,975","440,929","393,663","29,497","400,058","57,029","343,029","73,105","269,924",NR,NR,"5,176","14,815","25,362","32,951","45,372","60,441","390,125","391,508","392,758","393,990","396,041","400,058",$473 ,$119 ,"137,980","351,570","130,496",NR,NR,NR,NR,"350,008",$405 ,$75 ,"51,966","37,200","58,560","68,155","73,872","99,924","10,381","190,840","209,218","16,954",546,"47,897",184,"25,992","153,446","2,524","6,164","146,351",671,"48,032",219,"26,489","161,184","3,944","6,765",NR,NR,NR,NR,NR,"1,795","160,289","138,917","94,941","4,116","20,661","56,894","110,912","76,514","60,046","35,792","37,897","15,343","18,504","24,389","71,291","8,716","5,725","12,851","12,784","12,418","17,017","1,780",+,+,+,+,+,+,+,+,+,+,+
VT,SBM,"40,607","63,654","38,629","30,553","23,624","30,027","4,982","25,045","2,080","22,965",NR,NR,976,"1,039","1,417","1,755","2,090","2,813","28,586","28,720","29,021","29,119","29,689","30,027",$874 ,$243 ,"3,598","26,688","8,354",NR,NR,NR,NR,"26,592",$702 ,$178 ,"1,815","2,527","4,734","5,305","5,645","9,656",345,"14,317","15,709",360,45,313,15,146,"15,511",210,+,"13,427",50,317,15,155,"15,709",303,+,NR,NR,NR,NR,NR,197,"9,486","12,726","6,251","1,367",393,840,"2,227","5,996","5,353","4,054","5,155","2,492","3,145","1,212","3,292",247,251,507,602,520,894,271,+,+,+,+,+,+,+,+,+,+,+
WA,SBM,"651,583","1,209,456","350,328","240,344","769,811","272,494","59,813","212,681","48,973","163,708",NR,NR,"7,245","16,539","24,687","30,296","41,566","55,388","252,590","254,511","256,859","260,821","268,527","272,494",$595 ,$271 ,"36,871","195,149","90,947",NR,NR,NR,NR,"194,683",$453 ,$160 ,"18,304","26,107","47,096","49,119","48,621","76,957","6,290","123,031","149,463","21,434","2,474","34,073","3,498","7,738","132,216","4,051","2,035","70,812","2,858","34,789","3,692","8,156","140,602","10,275","2,769",NR,NR,NR,NR,NR,368,"96,856","118,852","56,418",+,"11,823","5,192","21,588","56,342","42,270","23,347","33,913","16,887","23,106","43,218","86,797","12,844","8,549","17,411","16,084","13,277","16,174","2,458",+,+,+,+,+,+,+,+,+,+,+
WI,HC.gov,"228,442","308,786","292,080","263,501","18,750","266,327","60,605","205,722","148,437","57,285","58,816","89,621","13,159","35,590","58,854","74,595","99,950","128,589","251,594","254,482","256,280","258,528","261,948","266,327",$671 ,$166 ,"80,966","236,018","93,812","8,429","29,268","54,946","1,169","235,587",$572 ,$117 ,"17,426","19,876","36,459","39,928","44,476","106,526","1,636","127,285","139,042","8,139",858,"7,061",61,"4,944","140,672",756,"2,223","101,613",946,"7,108",79,"5,056","144,342","1,902","2,480","104,414","195,385","62,803","96,955","169,372","1,385","129,867","101,471","32,528","1,076","1,392","46,571","64,398","41,585","34,092","26,372","41,850","18,914","24,041","13,683","35,777","2,129","2,657","7,221","6,593","6,134","10,741",302,+,+,+,+,+,+,+,+,+,+,+
WV,HC.gov,"50,671","65,856","59,370","54,687","6,884","51,046","17,571","33,475","20,100","13,375","7,253","12,847","2,384","5,873","10,803","13,448","17,532","22,072","45,130","46,289","46,893","48,113","49,884","51,046","$1,119 ",$118 ,"25,293","49,372","19,394",930,"6,810","11,591",63,"49,334","$1,035 ",$88 ,"2,603","3,700","7,304","9,998","11,599","15,475",367,"24,621","26,425",641,73,828,3,610,"23,432",102,404,"24,953",77,830,4,621,"23,743",213,435,"25,123","34,017","16,388","22,101","28,945",66,"21,498","20,226","9,256",+,199,"4,714","17,243","11,592","6,756","4,220","5,309","2,242","2,826",659,"4,073",149,295,604,715,875,"1,359",76,+,+,+,+,+,+,+,+,+,+,+
WY,HC.gov,"31,536","50,678","47,935","43,855","2,796","42,293","8,861","33,432","24,314","9,118","9,952","14,362","2,217","5,370","8,615","10,673","14,463","19,136","40,539","40,747","40,800","40,729","41,428","42,293",$937 ,$118 ,"18,824","40,197","9,557",164,"2,651","6,313",429,"40,149",$863 ,$80 ,"6,470","3,864","6,595","7,209","6,620","11,365",170,"19,589","22,704","2,440",323,520,24,154,"28,403",158,769,"9,502",385,528,27,174,"29,709",440,920,"10,110","33,319","6,534","32,144","10,149",+,"8,096","9,390","24,807",+,390,"6,339","8,054","6,362","7,536","5,273","6,429","3,109","4,582",558,"7,300",579,684,"1,598","1,544","1,312","1,543",40,+,+,+,+,+,+,+,+,+,+,+
Total,HC.gov,"13,389,621","18,568,083","17,795,305","16,710,424","831,411","16,363,133","4,226,461","12,136,672","8,511,722","3,624,950","4,682,452","3,829,270","940,618","2,560,855","4,081,149","5,128,653","6,524,701","8,089,312","15,334,922","15,538,052","15,715,296","15,839,108","16,091,581","16,363,133",$602 ,$81 ,"8,327,152","15,541,871","8,666,891","353,374","1,494,335","6,754,804","64,378","15,524,292",$548 ,$56 ,"1,733,414","1,737,891","2,670,288","3,119,284","3,160,456","3,678,763","263,037","7,889,351","8,473,782","1,741,096","51,666","540,852","5,164","776,332","3,552,802","64,123","117,777","9,513,321","58,133","544,497","6,408","793,021","4,358,804","180,653","140,377","10,281,240","7,577,993","7,044,044","2,974,879","13,388,254","23,767","5,230,526","9,043,201","2,040,145","25,494","253,818","6,563,027","8,705,460","2,649,643","1,644,489","937,129","972,829","392,360","489,112","318,293","1,424,939","165,845","126,252","259,120","271,025","258,496","327,462","16,739",+,+,+,+,+,+,+,+,+,+,+
Total,SBM,"10,405,963","19,468,400","8,058,936","5,706,806",NR,"5,083,017","989,303","4,093,714","1,147,643","2,946,071",NR,NR,"327,948","501,962","674,248","775,199","939,643","1,124,321","4,758,746","4,815,409","4,857,376","4,867,384","4,925,889","5,000,864",$615 ,$207 ,"1,036,747","4,229,948","1,979,727",NR,NR,NR,NR,"4,219,397",$492 ,$139 ,"425,205","452,947","863,928","860,016","927,933","1,458,122","94,853","2,398,827","2,684,123","637,700","12,813","651,859","7,298","216,204","2,107,018","155,728","91,862","1,208,372",NR,NR,NR,NR,NR,NR,NR,NR,NR,NR,NR,NR,"34,987","1,467,627","2,633,208","846,169","101,026","130,091","296,766","702,003","1,012,531","824,845","592,934","664,241","281,648","336,804","537,920","1,142,772","98,052","97,951","248,761","215,853","191,496","259,589","31,066","1,302,034",NR,NR,"1,751","193,114","317,871","312,588","261,324","215,386","630,507","671,527"
Total,All,"23,795,584","38,036,483","25,854,241","22,417,230",NR,"21,446,150","5,215,764","16,230,386","9,659,365","6,571,021",NR,NR,"1,268,566","3,062,817","4,755,397","5,903,852","7,464,344","9,213,633","20,093,668","20,353,461","20,572,672","20,706,492","21,017,470","21,363,997",$605 ,$111 ,"9,363,899","19,771,819","10,646,618",NR,NR,NR,NR,"19,743,689",$536 ,$74 ,"2,158,619","2,190,838","3,534,216","3,979,300","4,088,389","5,136,885","357,890","10,288,178","11,157,905","2,378,796","64,479","1,192,711","12,462","992,536","5,659,820","219,851","209,639","10,721,693",NR,NR,NR,NR,NR,NR,NR,NR,NR,NR,NR,NR,"58,754","6,698,153","11,676,409","2,886,314","126,520","383,909","6,859,793","9,407,463","3,662,174","2,469,334","1,530,063","1,637,070","674,008","825,916","856,213","2,567,711","263,897","224,203","507,881","486,878","449,992","587,051","47,805","1,302,034",NR,NR,"1,751","193,114","317,871","312,588","261,324","215,386","630,507","671,527"
